Memory transfer bug,6
Out of bounds,2
Memory bug,2
Manage memory spaces,19
Memory performance,16
Host transfer,17
Data types,13
Data races,11
Incorrect thread conf.,7
Barrier divergence,2
Optimise thread conf.,6
Thread divergence,3
Threads â€“ general,8
Synchronization,3
General bug,9
Bug in dependency,4
Dynamic parallelism bug,1
Performance,19
Optimizing kernel launches,8
How to do algorithm,32
Basics,9
Profiling,6
Higher level patterns,4
Sparse matrices,4
Multi GPU,4
Limitation,3
Kernel launches,1
CUDA memcheck,1
Setup,40
Tooling,57
Non GPGPU,27
Hardware capebiliies,7
OpenGL,12
Other,13
Duplicated,1
Removed,5
